location_id,borough,zone,centroid_lat,centroid_lon,area_sqkm,n_parts
1,EWR,Newark Airport,40.69183,-74.174002,7.343012,1
2,Queens,Jamaica Bay,40.616746,-73.8313,13.369633,33
3,Bronx,Allerton/Pelham Gardens,40.864474,-73.847422,2.943641,1
4,Manhattan,Alphabet City,40.723752,-73.976968,0.745429,1
5,Staten Island,Arden Heights,40.552659,-74.188485,4.683696,1
6,Staten Island,Arrochar/Fort Wadsworth,40.600324,-74.07177,3.802967,1
7,Queens,Astoria,40.761493,-73.919694,3.654903,1
8,Queens,Astoria Park,40.778559,-73.923086,0.24924,1
9,Queens,Auburndale,40.751034,-73.787949,3.17396,1
10,Queens,Baisley Park,40.678953,-73.790987,4.091582,1
11,Brooklyn,Bath Beach,40.604273,-74.007488,1.907833,1
12,Manhattan,Battery Park,40.702946,-74.015563,0.101224,1
13,Manhattan,Battery Park City,40.712038,-74.016079,0.457354,1
14,Brooklyn,Bay Ridge,40.624834,-74.029893,6.235554,1
15,Queens,Bay Terrace/Fort Totten,40.783333,-73.785973,4.301017,1
16,Queens,Bayside,40.762738,-73.773421,7.506282,1
17,Brooklyn,Bedford,40.691507,-73.949905,3.031411,1
18,Bronx,Bedford Park,40.867682,-73.890184,1.393514,1
19,Queens,Bellerose,40.735487,-73.726655,5.127828,1
20,Bronx,Belmont,40.857779,-73.885867,1.259473,1
21,Brooklyn,Bensonhurst East,40.601429,-73.983538,3.323814,1
22,Brooklyn,Bensonhurst West,40.612218,-73.995259,4.335669,1
23,Staten Island,Bloomfield/Emerson Hill,40.606448,-74.170885,19.650154,1
24,Manhattan,Bloomingdale,40.801971,-73.965479,0.392991,1
25,Brooklyn,Boerum Hill,40.685634,-73.986114,1.165595,1
26,Brooklyn,Borough Park,40.630949,-73.988661,5.01723,1
27,Queens,Breezy Point/Fort Tilden/Riis Beach,40.559135,-73.906912,6.790554,1
28,Queens,Briarwood/Jamaica Hills,40.711596,-73.808729,2.732541,1
29,Brooklyn,Brighton Beach,40.580922,-73.961217,1.596174,1
30,Queens,Broad Channel,40.603687,-73.821928,1.370911,1
31,Bronx,Bronx Park,40.857746,-73.875476,3.127095,1
32,Bronx,Bronxdale,40.864002,-73.864901,1.412586,1
33,Brooklyn,Brooklyn Heights,40.695798,-73.99525,1.023587,1
34,Brooklyn,Brooklyn Navy Yard,40.700856,-73.971189,1.039846,3
35,Brooklyn,Brownsville,40.664003,-73.910258,3.040797,1
36,Brooklyn,Bushwick North,40.700522,-73.91771,2.324383,1
37,Brooklyn,Bushwick South,40.694994,-73.922237,4.243027,1
38,Queens,Cambria Heights,40.694341,-73.735554,3.072909,1
39,Brooklyn,Canarsie,40.638037,-73.899735,7.624484,2
40,Brooklyn,Carroll Gardens,40.679199,-73.995956,1.022829,1
41,Manhattan,Central Harlem,40.804334,-73.951292,1.340878,1
42,Manhattan,Central Harlem North,40.818257,-73.940772,2.35985,1
43,Manhattan,Central Park,40.782477,-73.965555,3.558853,1
44,Staten Island,Charleston/Tottenville,40.525491,-74.233535,13.546631,1
45,Manhattan,Chinatown,40.712459,-73.998151,0.692159,1
46,Bronx,City Island,40.849086,-73.781988,1.612057,6
47,Bronx,Claremont/Bathgate,40.842748,-73.900317,1.528403,1
48,Manhattan,Clinton East,40.762253,-73.989845,0.883775,1
49,Brooklyn,Clinton Hill,40.687967,-73.962363,1.907282,1
50,Manhattan,Clinton West,40.766238,-73.995135,0.823916,1
51,Bronx,Co-Op City,40.873972,-73.828263,3.704667,1
52,Brooklyn,Cobble Hill,40.686651,-73.996724,0.424322,1
53,Queens,College Point,40.780912,-73.842813,4.702396,2
54,Brooklyn,Columbia Street,40.687201,-74.002911,0.577249,3
55,Brooklyn,Coney Island,40.576961,-73.987944,4.410778,1
56,Queens,Corona,40.741407,-73.858845,1.696815,1
57,Queens,Corona,40.751819,-73.853582,0.169047,1
58,Bronx,Country Club,40.841452,-73.820393,1.235952,1
59,Bronx,Crotona Park,40.83855,-73.894986,0.588896,1
60,Bronx,Crotona Park East,40.83399,-73.8859,1.515818,1
61,Brooklyn,Crown Heights North,40.67447,-73.939287,4.795528,1
62,Brooklyn,Crown Heights South,40.666541,-73.948788,1.485839,1
63,Brooklyn,Cypress Hills,40.68384,-73.878173,3.315574,1
64,Queens,Douglaston,40.760615,-73.739337,8.805882,1
65,Brooklyn,Downtown Brooklyn/MetroTech,40.695337,-73.986086,0.767801,1
66,Brooklyn,DUMBO/Vinegar Hill,40.702259,-73.985702,0.712488,1
67,Brooklyn,Dyker Heights,40.619619,-74.013802,3.704852,1
68,Manhattan,East Chelsea,40.748427,-73.999918,1.041698,1
69,Bronx,East Concourse/Concourse Village,40.831416,-73.91503,1.864497,1
70,Queens,East Elmhurst,40.763352,-73.868395,1.832693,1
71,Brooklyn,East Flatbush/Farragut,40.644288,-73.937966,3.593504,1
72,Brooklyn,East Flatbush/Remsen Village,40.652364,-73.922251,3.038575,1
73,Queens,East Flushing,40.754109,-73.807294,2.736402,1
74,Manhattan,East Harlem North,40.801169,-73.937346,2.275895,5
75,Manhattan,East Harlem South,40.790011,-73.94575,1.546947,1
76,Brooklyn,East New York,40.660934,-73.87682,10.883644,1
77,Brooklyn,East New York/Pennsylvania Avenue,40.666559,-73.895364,1.802088,1
78,Bronx,East Tremont,40.84496,-73.885522,1.78979,1
79,Manhattan,East Village,40.72762,-73.985937,1.012185,1
80,Brooklyn,East Williamsburg,40.71537,-73.936794,3.638645,1
81,Bronx,Eastchester,40.880935,-73.836644,3.739946,1
82,Queens,Elmhurst,40.739495,-73.877118,3.035284,1
83,Queens,Elmhurst/Maspeth,40.738324,-73.892173,2.039781,1
84,Staten Island,Eltingville/Annadale/Prince's Bay,40.528686,-74.187679,13.086516,1
85,Brooklyn,Erasmus,40.646116,-73.951623,1.349153,1
86,Queens,Far Rockaway,40.602433,-73.755243,5.046149,1
87,Manhattan,Financial District North,40.706808,-74.007496,0.388587,1
88,Manhattan,Financial District South,40.703358,-74.011515,0.243553,1
89,Brooklyn,Flatbush/Ditmas Park,40.6379,-73.960968,4.204219,1
90,Manhattan,Flatiron,40.742279,-73.996971,0.518801,1
91,Brooklyn,Flatlands,40.626272,-73.930097,5.048493,1
92,Queens,Flushing,40.761101,-73.828859,3.515761,1
93,Queens,Flushing Meadows-Corona Park,40.740674,-73.840865,5.088321,1
94,Bronx,Fordham South,40.858155,-73.899536,0.585966,1
95,Queens,Forest Hills,40.721432,-73.847669,5.373862,1
96,Queens,Forest Park/Highland Park,40.697002,-73.871561,5.139251,1
97,Brooklyn,Fort Greene,40.690787,-73.974882,1.532854,1
98,Queens,Fresh Meadows,40.734463,-73.777253,4.55675,1
99,Staten Island,Freshkills Park,40.576773,-74.186421,10.797704,1
100,Manhattan,Garment District,40.753513,-73.988787,0.351385,1
101,Queens,Glen Oaks,40.745993,-73.711025,4.242431,1
102,Queens,Glendale,40.703546,-73.875737,2.783467,1
103,Manhattan,Governor's Island/Ellis Island/Liberty Island,40.68986,-74.045288,0.059423,1
104,Manhattan,Governor's Island/Ellis Island/Liberty Island,40.698769,-74.040771,0.111879,1
105,Manhattan,Governor's Island/Ellis Island/Liberty Island,40.688784,-74.019073,0.718415,1
106,Brooklyn,Gowanus,40.673513,-73.990648,1.066739,1
107,Manhattan,Gramercy,40.736824,-73.984052,0.699859,1
108,Brooklyn,Gravesend,40.588404,-73.981431,2.911308,1
109,Staten Island,Great Kills,40.551862,-74.15089,8.323943,1
110,Staten Island,Great Kills Park,40.54578,-74.128343,2.173669,1
111,Brooklyn,Green-Wood Cemetery,40.652137,-73.990234,1.959931,1
112,Brooklyn,Greenpoint,40.729506,-73.94954,3.286512,2
113,Manhattan,Greenwich Village North,40.732579,-73.994305,0.543736,1
114,Manhattan,Greenwich Village South,40.72834,-73.99738,0.441114,1
115,Staten Island,Grymes Hill/Clifton,40.617971,-74.087839,3.506549,1
116,Manhattan,Hamilton Heights,40.827013,-73.948522,1.495181,1
117,Queens,Hammels/Arverne,40.594059,-73.789623,5.752159,1
118,Staten Island,Heartland Village/Todt Hill,40.586555,-74.132985,17.175185,1
119,Bronx,Highbridge,40.837827,-73.926158,1.529271,1
120,Manhattan,Highbridge Park,40.846667,-73.930183,0.724609,1
121,Queens,Hillcrest/Pomonok,40.728333,-73.802444,3.60769,1
122,Queens,Hollis,40.710639,-73.761137,2.126327,1
123,Brooklyn,Homecrest,40.599954,-73.964334,2.786347,1
124,Queens,Howard Beach,40.658248,-73.844918,5.933061,5
125,Manhattan,Hudson Sq,40.72629,-74.007486,0.381453,1
126,Bronx,Hunts Point,40.812074,-73.885537,4.621442,1
127,Manhattan,Inwood,40.866075,-73.919308,1.340668,2
128,Manhattan,Inwood Hill Park,40.872379,-73.92437,0.927448,2
129,Queens,Jackson Heights,40.757312,-73.885317,4.444695,1
130,Queens,Jamaica,40.704369,-73.793981,4.395024,1
131,Queens,Jamaica Estates,40.720655,-73.776101,3.97526,1
132,Queens,JFK Airport,40.646985,-73.78653,18.216082,4
133,Brooklyn,Kensington,40.64059,-73.976199,1.476558,1
134,Queens,Kew Gardens,40.708051,-73.828712,1.899108,1
135,Queens,Kew Gardens Hills,40.728377,-73.821195,4.389606,1
136,Bronx,Kingsbridge Heights,40.865264,-73.905911,1.223546,1
137,Manhattan,Kips Bay,40.740439,-73.976495,0.643865,1
138,Queens,LaGuardia Airport,40.774376,-73.873628,2.928869,3
139,Queens,Laurelton,40.677098,-73.744235,4.193524,1
140,Manhattan,Lenox Hill East,40.765484,-73.954739,0.69297,1
141,Manhattan,Lenox Hill West,40.766948,-73.959635,0.718704,1
142,Manhattan,Lincoln Square East,40.773633,-73.981532,0.70925,1
143,Manhattan,Lincoln Square West,40.775965,-73.987646,0.760631,1
144,Manhattan,Little Italy/NoLiTa,40.720889,-73.996919,0.445462,1
145,Queens,Long Island City/Hunters Point,40.745379,-73.948892,2.559919,1
146,Queens,Long Island City/Queens Plaza,40.754243,-73.934829,0.981268,1
147,Bronx,Longwood,40.819676,-73.898957,0.996982,1
148,Manhattan,Lower East Side,40.718938,-73.990896,0.654425,1
149,Brooklyn,Madison,40.604913,-73.948136,2.543607,1
150,Brooklyn,Manhattan Beach,40.580473,-73.943629,1.895665,1
151,Manhattan,Manhattan Valley,40.797962,-73.968168,0.833294,1
152,Manhattan,Manhattanville,40.817975,-73.953782,0.989241,1
153,Manhattan,Marble Hill,40.875968,-73.910379,0.303928,1
154,Brooklyn,Marine Park/Floyd Bennett Field,40.593571,-73.902595,9.123175,3
155,Brooklyn,Marine Park/Mill Basin,40.614591,-73.915277,6.441063,1
156,Staten Island,Mariners Harbor,40.631308,-74.167234,8.273392,2
157,Queens,Maspeth,40.723995,-73.902331,3.310504,1
158,Manhattan,Meatpacking/West Village West,40.735035,-74.008984,0.660273,1
159,Bronx,Melrose South,40.81826,-73.912849,1.604387,1
160,Queens,Middle Village,40.718337,-73.880051,5.359702,1
161,Manhattan,Midtown Center,40.758028,-73.977698,0.674338,1
162,Manhattan,Midtown East,40.756688,-73.972356,0.449114,1
163,Manhattan,Midtown North,40.764421,-73.977569,0.383082,1
164,Manhattan,Midtown South,40.748575,-73.985156,0.52174,1
165,Brooklyn,Midwood,40.620924,-73.956824,3.325895,1
166,Manhattan,Morningside Heights,40.809457,-73.961764,1.479653,1
167,Bronx,Morrisania/Melrose,40.827513,-73.902352,1.569322,1
168,Bronx,Mott Haven/Port Morris,40.807347,-73.916822,3.893166,3
169,Bronx,Mount Hope,40.849058,-73.905122,1.367467,1
170,Manhattan,Murray Hill,40.747746,-73.978492,0.696968,1
171,Queens,Murray Hill-Queens,40.768352,-73.809545,4.87629,1
172,Staten Island,New Dorp/Midland Beach,40.571769,-74.105019,5.147389,1
173,Queens,North Corona,40.752579,-73.863038,1.672356,1
174,Bronx,Norwood,40.877137,-73.879022,1.459576,1
175,Queens,Oakland Gardens,40.742671,-73.754622,4.735786,1
176,Staten Island,Oakwood,40.561994,-74.122583,5.198139,1
177,Brooklyn,Ocean Hill,40.676644,-73.913632,1.867319,1
178,Brooklyn,Ocean Parkway South,40.617315,-73.970326,1.652003,1
179,Queens,Old Astoria,40.77157,-73.928333,1.451261,1
180,Queens,Ozone Park,40.675595,-73.847043,2.325396,1
181,Brooklyn,Park Slope,40.670374,-73.981414,2.881502,1
182,Bronx,Parkchester,40.837749,-73.857987,0.852911,1
183,Bronx,Pelham Bay,40.849172,-73.831582,0.891428,1
184,Bronx,Pelham Bay Park,40.868275,-73.807858,9.160605,15
185,Bronx,Pelham Parkway,40.854405,-73.854394,2.139953,1
186,Manhattan,Penn Station/Madison Sq West,40.748497,-73.992438,0.347687,1
187,Staten Island,Port Richmond,40.628166,-74.140789,3.383648,8
188,Brooklyn,Prospect-Lefferts Gardens,40.658745,-73.947442,2.939406,1
189,Brooklyn,Prospect Heights,40.677635,-73.967587,0.952237,1
190,Brooklyn,Prospect Park,40.661622,-73.968914,2.54366,1
191,Queens,Queens Village,40.715454,-73.741532,6.459868,1
192,Queens,Queensboro Hill,40.743752,-73.815229,3.505989,1
193,Queens,Queensbridge/Ravenswood,40.760313,-73.941997,1.184564,1
194,Manhattan,Randalls Island,40.791,-73.924597,2.180104,1
195,Brooklyn,Red Hook,40.675549,-74.009178,2.245358,1
196,Queens,Rego Park,40.726155,-73.863338,1.852591,1
197,Queens,Richmond Hill,40.694542,-73.830924,4.737003,1
198,Queens,Ridgewood,40.706527,-73.901709,4.690371,1
199,Bronx,Rikers Island,40.791133,-73.882658,1.686635,1
200,Bronx,Riverdale/North Riverdale/Fieldston,40.899528,-73.906988,4.554794,1
201,Queens,Rockaway Park,40.577983,-73.843454,3.498101,1
202,Manhattan,Roosevelt Island,40.761899,-73.949953,0.586851,1
203,Queens,Rosedale,40.657852,-73.739474,5.715552,1
204,Staten Island,Rossville/Woodrow,40.540333,-74.207826,6.033848,1
205,Queens,Saint Albans,40.691201,-73.763146,7.19205,1
206,Staten Island,Saint George/New Brighton,40.638973,-74.102314,5.20902,1
207,Queens,Saint Michaels Cemetery/Woodside,40.763986,-73.899353,0.419337,1
208,Bronx,Schuylerville/Edgewater Park,40.823318,-73.823539,8.228149,3
209,Manhattan,Seaport,40.709073,-74.003664,0.26003,1
210,Brooklyn,Sheepshead Bay,40.592024,-73.940507,3.987891,1
211,Manhattan,SoHo,40.723888,-74.001538,0.372735,1
212,Bronx,Soundview/Bruckner,40.827902,-73.86968,1.510737,1
213,Bronx,Soundview/Castle Hill,40.817859,-73.858135,5.537231,2
214,Staten Island,South Beach/Dongan Hills,40.586786,-74.085512,6.22784,1
215,Queens,South Jamaica,40.694428,-73.790965,3.713542,1
216,Queens,South Ozone Park,40.676154,-73.819459,7.661772,1
217,Brooklyn,South Williamsburg,40.703916,-73.958597,1.076734,1
218,Queens,Springfield Gardens North,40.67209,-73.773036,2.641099,1
219,Queens,Springfield Gardens South,40.662186,-73.764505,4.02079,1
220,Bronx,Spuyten Duyvil/Kingsbridge,40.882403,-73.910665,2.157547,1
221,Staten Island,Stapleton,40.618768,-74.073703,4.322837,1
222,Brooklyn,Starrett City,40.647527,-73.882413,1.077476,2
223,Queens,Steinway,40.777427,-73.905407,5.367816,1
224,Manhattan,Stuy Town/Peter Cooper Village,40.731821,-73.976598,0.517413,1
225,Brooklyn,Stuyvesant Heights,40.688168,-73.931888,2.917771,1
226,Queens,Sunnyside,40.737698,-73.924673,6.954136,1
227,Brooklyn,Sunset Park East,40.641886,-74.004653,2.520388,1
228,Brooklyn,Sunset Park West,40.652354,-74.011273,4.651589,1
229,Manhattan,Sutton Place/Turtle Bay North,40.756729,-73.965146,0.596218,1
230,Manhattan,Times Sq/Theatre District,40.759818,-73.984197,0.525963,1
231,Manhattan,TriBeCa/Civic Center,40.717773,-74.00788,1.109888,1
232,Manhattan,Two Bridges/Seward Park,40.714732,-73.983025,1.41459,1
233,Manhattan,UN/Turtle Bay South,40.749914,-73.970443,0.570664,2
234,Manhattan,Union Sq,40.740337,-73.990458,0.685699,1
235,Bronx,University Heights/Morris Heights,40.852521,-73.915976,1.974275,1
236,Manhattan,Upper East Side North,40.780436,-73.957012,0.96425,1
237,Manhattan,Upper East Side South,40.768615,-73.965635,0.899943,1
238,Manhattan,Upper West Side North,40.791705,-73.973049,1.140801,1
239,Manhattan,Upper West Side South,40.783961,-73.978632,1.219906,1
240,Bronx,Van Cortlandt Park,40.894599,-73.881977,6.757784,1
241,Bronx,Van Cortlandt Village,40.876512,-73.89562,2.383936,1
242,Bronx,Van Nest/Morris Park,40.846783,-73.850671,3.371993,1
243,Manhattan,Washington Heights North,40.857108,-73.932832,2.105516,1
244,Manhattan,Washington Heights South,40.841708,-73.941399,2.146054,1
245,Staten Island,West Brighton,40.630049,-74.10286,4.379712,1
246,Manhattan,West Chelsea/Hudson Yards,40.753309,-74.004016,1.193876,1
247,Bronx,West Concourse,40.828987,-73.92441,1.799323,1
248,Bronx,West Farms/Bronx River,40.834165,-73.87229,1.401164,1
249,Manhattan,West Village,40.734576,-74.002875,0.677411,1
250,Bronx,Westchester Village/Unionport,40.832101,-73.848641,2.225109,1
251,Staten Island,Westerleigh,40.61688,-74.125348,5.880113,1
252,Queens,Whitestone,40.788193,-73.815657,6.414667,1
253,Queens,Willets Point,40.760631,-73.841244,0.595107,1
254,Bronx,Williamsbridge/Olinville,40.882157,-73.858949,3.36992,1
255,Brooklyn,Williamsburg (North Side),40.718804,-73.957418,1.370054,1
256,Brooklyn,Williamsburg (South Side),40.71088,-73.959905,1.314982,1
257,Brooklyn,Windsor Terrace,40.653612,-73.977982,1.304595,1
258,Queens,Woodhaven,40.688721,-73.855767,3.437535,1
259,Bronx,Woodlawn/Wakefield,40.897932,-73.852215,3.692083,1
260,Queens,Woodside,40.744234,-73.906307,3.961197,1
261,Manhattan,World Trade Center,40.709139,-74.013023,0.322266,1
262,Manhattan,Yorkville East,40.775932,-73.94651,0.646403,2
263,Manhattan,Yorkville West,40.778766,-73.95101,0.616541,1
